主修与辅修组合,count
金融学 - 计算机科学,46
大数据管理与应用（大数据和商务管理） - 金融学,43
经济学 - 数学与应用数学,42
金融学 - 大数据和商务管理,40
会计学 - 大数据和商务管理,17
金融学 - 市场营销,15
大数据管理与应用（大数据和商务管理） - 经济学,15
大数据管理与应用（大数据和商务管理） - 会计学,10
经济学 - 大数据和商务管理,9
工商管理（市场营销） - 会计学,7
工商管理（市场营销） - 金融学,7
会计学 - 市场营销,6
会计学 - 经济学,5
金融学 - 经济学,5
大数据管理与应用（大数据和商务管理） - 市场营销,4
经济学 - 金融学,4
工商管理（市场营销） - 大数据和商务管理,3
经济学 - 市场营销,3
经济学 - 会计学,3
会计学 - 人力资源管理,2
工商管理（市场营销） - 经济学,2
金融学 - 人力资源管理,1
人力资源管理 - 金融学,1
