学号,主修专业（双学位为第一主修专业）,辅修模块（双学位无）,主修与辅修组合
523120910112,大数据管理与应用（大数据和商务管理）,金融学,大数据管理与应用（大数据和商务管理） - 金融学
523120910187,大数据管理与应用（大数据和商务管理）,金融学,大数据管理与应用（大数据和商务管理） - 金融学
523120910061,大数据管理与应用（大数据和商务管理）,金融学,大数据管理与应用（大数据和商务管理） - 金融学
523120910167,大数据管理与应用（大数据和商务管理）,金融学,大数据管理与应用（大数据和商务管理） - 金融学
523120910034,大数据管理与应用（大数据和商务管理）,金融学,大数据管理与应用（大数据和商务管理） - 金融学
523120910177,大数据管理与应用（大数据和商务管理）,金融学,大数据管理与应用（大数据和商务管理） - 金融学
523120910042,大数据管理与应用（大数据和商务管理）,金融学,大数据管理与应用（大数据和商务管理） - 金融学
523120910036,大数据管理与应用（大数据和商务管理）,金融学,大数据管理与应用（大数据和商务管理） - 金融学
523120910033,大数据管理与应用（大数据和商务管理）,金融学,大数据管理与应用（大数据和商务管理） - 金融学
523120910076,大数据管理与应用（大数据和商务管理）,金融学,大数据管理与应用（大数据和商务管理） - 金融学
523120910038,大数据管理与应用（大数据和商务管理）,金融学,大数据管理与应用（大数据和商务管理） - 金融学
523120910096,大数据管理与应用（大数据和商务管理）,金融学,大数据管理与应用（大数据和商务管理） - 金融学
523120910018,大数据管理与应用（大数据和商务管理）,金融学,大数据管理与应用（大数据和商务管理） - 金融学
523120910189,大数据管理与应用（大数据和商务管理）,金融学,大数据管理与应用（大数据和商务管理） - 金融学
523120910095,大数据管理与应用（大数据和商务管理）,金融学,大数据管理与应用（大数据和商务管理） - 金融学
523120910078,大数据管理与应用（大数据和商务管理）,金融学,大数据管理与应用（大数据和商务管理） - 金融学
522111910205,大数据管理与应用（大数据和商务管理）,金融学,大数据管理与应用（大数据和商务管理） - 金融学
523120910032,大数据管理与应用（大数据和商务管理）,金融学,大数据管理与应用（大数据和商务管理） - 金融学
523120910057,大数据管理与应用（大数据和商务管理）,金融学,大数据管理与应用（大数据和商务管理） - 金融学
523120910007,大数据管理与应用（大数据和商务管理）,金融学,大数据管理与应用（大数据和商务管理） - 金融学
523120910037,大数据管理与应用（大数据和商务管理）,金融学,大数据管理与应用（大数据和商务管理） - 金融学
522051910043,大数据管理与应用（大数据和商务管理）,金融学,大数据管理与应用（大数据和商务管理） - 金融学
523120910146,大数据管理与应用（大数据和商务管理）,金融学,大数据管理与应用（大数据和商务管理） - 金融学
523120910114,大数据管理与应用（大数据和商务管理）,金融学,大数据管理与应用（大数据和商务管理） - 金融学
522120910034,大数据管理与应用（大数据和商务管理）,金融学,大数据管理与应用（大数据和商务管理） - 金融学
522150910058,大数据管理与应用（大数据和商务管理）,金融学,大数据管理与应用（大数据和商务管理） - 金融学
523120910097,大数据管理与应用（大数据和商务管理）,金融学,大数据管理与应用（大数据和商务管理） - 金融学
523021910526,大数据管理与应用（大数据和商务管理）,金融学,大数据管理与应用（大数据和商务管理） - 金融学
523120910164,大数据管理与应用（大数据和商务管理）,金融学,大数据管理与应用（大数据和商务管理） - 金融学
522021910291,大数据管理与应用（大数据和商务管理）,金融学,大数据管理与应用（大数据和商务管理） - 金融学
522150910020,大数据管理与应用（大数据和商务管理）,金融学,大数据管理与应用（大数据和商务管理） - 金融学
522031910500,大数据管理与应用（大数据和商务管理）,金融学,大数据管理与应用（大数据和商务管理） - 金融学
522010910054,大数据管理与应用（大数据和商务管理）,金融学,大数据管理与应用（大数据和商务管理） - 金融学
523120910131,大数据管理与应用（大数据和商务管理）,金融学,大数据管理与应用（大数据和商务管理） - 金融学
523120910039,大数据管理与应用（大数据和商务管理）,金融学,大数据管理与应用（大数据和商务管理） - 金融学
523120910111,大数据管理与应用（大数据和商务管理）,金融学,大数据管理与应用（大数据和商务管理） - 金融学
523120910109,大数据管理与应用（大数据和商务管理）,金融学,大数据管理与应用（大数据和商务管理） - 金融学
522150910023,大数据管理与应用（大数据和商务管理）,金融学,大数据管理与应用（大数据和商务管理） - 金融学
523120910105,大数据管理与应用（大数据和商务管理）,金融学,大数据管理与应用（大数据和商务管理） - 金融学
523120910184,大数据管理与应用（大数据和商务管理）,金融学,大数据管理与应用（大数据和商务管理） - 金融学
522111910150,大数据管理与应用（大数据和商务管理）,金融学,大数据管理与应用（大数据和商务管理） - 金融学
522010910056,大数据管理与应用（大数据和商务管理）,金融学,大数据管理与应用（大数据和商务管理） - 金融学
523120990016,大数据管理与应用（大数据和商务管理）,金融学,大数据管理与应用（大数据和商务管理） - 金融学
