学号,主修专业（双学位为第一主修专业）,辅修模块（双学位无）,主修与辅修组合
523120910068,大数据管理与应用（大数据和商务管理）,会计学,大数据管理与应用（大数据和商务管理） - 会计学
522010910052,大数据管理与应用（大数据和商务管理）,会计学,大数据管理与应用（大数据和商务管理） - 会计学
523120910135,大数据管理与应用（大数据和商务管理）,会计学,大数据管理与应用（大数据和商务管理） - 会计学
523120910001,大数据管理与应用（大数据和商务管理）,会计学,大数据管理与应用（大数据和商务管理） - 会计学
523120910118,大数据管理与应用（大数据和商务管理）,会计学,大数据管理与应用（大数据和商务管理） - 会计学
523120910028,大数据管理与应用（大数据和商务管理）,会计学,大数据管理与应用（大数据和商务管理） - 会计学
523120910157,大数据管理与应用（大数据和商务管理）,会计学,大数据管理与应用（大数据和商务管理） - 会计学
523120910004,大数据管理与应用（大数据和商务管理）,会计学,大数据管理与应用（大数据和商务管理） - 会计学
523120910035,大数据管理与应用（大数据和商务管理）,会计学,大数据管理与应用（大数据和商务管理） - 会计学
523120910103,大数据管理与应用（大数据和商务管理）,会计学,大数据管理与应用（大数据和商务管理） - 会计学
