学号,主修专业（双学位为第一主修专业）,辅修模块（双学位无）,主修与辅修组合
521120910175,大数据管理与应用（大数据和商务管理）,市场营销,大数据管理与应用（大数据和商务管理） - 市场营销
523120910016,大数据管理与应用（大数据和商务管理）,市场营销,大数据管理与应用（大数据和商务管理） - 市场营销
523120910168,大数据管理与应用（大数据和商务管理）,市场营销,大数据管理与应用（大数据和商务管理） - 市场营销
523120910077,大数据管理与应用（大数据和商务管理）,市场营销,大数据管理与应用（大数据和商务管理） - 市场营销
