学号,主修专业（双学位为第一主修专业）,辅修模块（双学位无）,主修与辅修组合
523120910079,大数据管理与应用（大数据和商务管理）,经济学,大数据管理与应用（大数据和商务管理） - 经济学
523120910149,大数据管理与应用（大数据和商务管理）,经济学,大数据管理与应用（大数据和商务管理） - 经济学
523120910049,大数据管理与应用（大数据和商务管理）,经济学,大数据管理与应用（大数据和商务管理） - 经济学
523120910144,大数据管理与应用（大数据和商务管理）,经济学,大数据管理与应用（大数据和商务管理） - 经济学
523120910104,大数据管理与应用（大数据和商务管理）,经济学,大数据管理与应用（大数据和商务管理） - 经济学
523120910102,大数据管理与应用（大数据和商务管理）,经济学,大数据管理与应用（大数据和商务管理） - 经济学
522020910073,大数据管理与应用（大数据和商务管理）,经济学,大数据管理与应用（大数据和商务管理） - 经济学
523120910171,大数据管理与应用（大数据和商务管理）,经济学,大数据管理与应用（大数据和商务管理） - 经济学
523120910099,大数据管理与应用（大数据和商务管理）,经济学,大数据管理与应用（大数据和商务管理） - 经济学
523120910148,大数据管理与应用（大数据和商务管理）,经济学,大数据管理与应用（大数据和商务管理） - 经济学
523120910139,大数据管理与应用（大数据和商务管理）,经济学,大数据管理与应用（大数据和商务管理） - 经济学
523120910126,大数据管理与应用（大数据和商务管理）,经济学,大数据管理与应用（大数据和商务管理） - 经济学
523120910132,大数据管理与应用（大数据和商务管理）,经济学,大数据管理与应用（大数据和商务管理） - 经济学
523120910019,大数据管理与应用（大数据和商务管理）,经济学,大数据管理与应用（大数据和商务管理） - 经济学
522010910169,大数据管理与应用（大数据和商务管理）,经济学,大数据管理与应用（大数据和商务管理） - 经济学
