学号,主修专业（双学位为第一主修专业）,辅修模块（双学位无）,主修与辅修组合
523120910040,会计学,大数据和商务管理,会计学 - 大数据和商务管理
523120910014,会计学,大数据和商务管理,会计学 - 大数据和商务管理
523120910089,会计学,大数据和商务管理,会计学 - 大数据和商务管理
523120910022,会计学,大数据和商务管理,会计学 - 大数据和商务管理
523120910101,会计学,大数据和商务管理,会计学 - 大数据和商务管理
523120910005,会计学,大数据和商务管理,会计学 - 大数据和商务管理
523120910081,会计学,大数据和商务管理,会计学 - 大数据和商务管理
523120910150,会计学,大数据和商务管理,会计学 - 大数据和商务管理
523120910006,会计学,大数据和商务管理,会计学 - 大数据和商务管理
523120910110,会计学,大数据和商务管理,会计学 - 大数据和商务管理
523120910174,会计学,大数据和商务管理,会计学 - 大数据和商务管理
523120910175,会计学,大数据和商务管理,会计学 - 大数据和商务管理
522150910048,会计学,大数据和商务管理,会计学 - 大数据和商务管理
523120910133,会计学,大数据和商务管理,会计学 - 大数据和商务管理
523120910092,会计学,大数据和商务管理,会计学 - 大数据和商务管理
523120910185,会计学,大数据和商务管理,会计学 - 大数据和商务管理
523120910041,会计学,大数据和商务管理,会计学 - 大数据和商务管理
