学号,主修专业（双学位为第一主修专业）,辅修模块（双学位无）,主修与辅修组合
523120910060,经济学,数学与应用数学,经济学 - 数学与应用数学
523120910023,经济学,数学与应用数学,经济学 - 数学与应用数学
523120910191,经济学,数学与应用数学,经济学 - 数学与应用数学
523120910011,经济学,数学与应用数学,经济学 - 数学与应用数学
523120910125,经济学,数学与应用数学,经济学 - 数学与应用数学
523120910170,经济学,数学与应用数学,经济学 - 数学与应用数学
523120910156,经济学,数学与应用数学,经济学 - 数学与应用数学
523120910059,经济学,数学与应用数学,经济学 - 数学与应用数学
523120910183,经济学,数学与应用数学,经济学 - 数学与应用数学
523120910161,经济学,数学与应用数学,经济学 - 数学与应用数学
523120910162,经济学,数学与应用数学,经济学 - 数学与应用数学
523120910143,经济学,数学与应用数学,经济学 - 数学与应用数学
523120910123,经济学,数学与应用数学,经济学 - 数学与应用数学
523120910021,经济学,数学与应用数学,经济学 - 数学与应用数学
523120910119,经济学,数学与应用数学,经济学 - 数学与应用数学
523120910025,经济学,数学与应用数学,经济学 - 数学与应用数学
523120910050,经济学,数学与应用数学,经济学 - 数学与应用数学
522010910018,经济学,数学与应用数学,经济学 - 数学与应用数学
523120910166,经济学,数学与应用数学,经济学 - 数学与应用数学
523120910020,经济学,数学与应用数学,经济学 - 数学与应用数学
523120910052,经济学,数学与应用数学,经济学 - 数学与应用数学
523120910192,经济学,数学与应用数学,经济学 - 数学与应用数学
523120910173,经济学,数学与应用数学,经济学 - 数学与应用数学
523120910012,经济学,数学与应用数学,经济学 - 数学与应用数学
523120910010,经济学,数学与应用数学,经济学 - 数学与应用数学
523120910151,经济学,数学与应用数学,经济学 - 数学与应用数学
523120910129,经济学,数学与应用数学,经济学 - 数学与应用数学
523120910182,经济学,数学与应用数学,经济学 - 数学与应用数学
523120910160,经济学,数学与应用数学,经济学 - 数学与应用数学
523120910065,经济学,数学与应用数学,经济学 - 数学与应用数学
522021910233,经济学,数学与应用数学,经济学 - 数学与应用数学
523120910094,经济学,数学与应用数学,经济学 - 数学与应用数学
523120910083,经济学,数学与应用数学,经济学 - 数学与应用数学
522111910154,经济学,数学与应用数学,经济学 - 数学与应用数学
523120910154,经济学,数学与应用数学,经济学 - 数学与应用数学
523120910013,经济学,数学与应用数学,经济学 - 数学与应用数学
523120910188,经济学,数学与应用数学,经济学 - 数学与应用数学
523120910121,经济学,数学与应用数学,经济学 - 数学与应用数学
523120910043,经济学,数学与应用数学,经济学 - 数学与应用数学
523120910147,经济学,数学与应用数学,经济学 - 数学与应用数学
523120910045,经济学,数学与应用数学,经济学 - 数学与应用数学
523120990031,经济学,数学与应用数学,经济学 - 数学与应用数学
