学号,主修专业（双学位为第一主修专业）,辅修模块（双学位无）,主修与辅修组合
523120910130,经济学,大数据和商务管理,经济学 - 大数据和商务管理
522150910002,经济学,大数据和商务管理,经济学 - 大数据和商务管理
523051910121,经济学,大数据和商务管理,经济学 - 大数据和商务管理
523120910055,经济学,大数据和商务管理,经济学 - 大数据和商务管理
523120910071,经济学,大数据和商务管理,经济学 - 大数据和商务管理
523120910067,经济学,大数据和商务管理,经济学 - 大数据和商务管理
522111910097,经济学,大数据和商务管理,经济学 - 大数据和商务管理
523120910116,经济学,大数据和商务管理,经济学 - 大数据和商务管理
523120910100,经济学,大数据和商务管理,经济学 - 大数据和商务管理
