学号,主修专业（双学位为第一主修专业）,辅修模块（双学位无）,主修与辅修组合
523120910212,金融学,计算机科学,金融学 - 计算机科学
523120910209,金融学,计算机科学,金融学 - 计算机科学
523120910217,金融学,计算机科学,金融学 - 计算机科学
523120910207,金融学,计算机科学,金融学 - 计算机科学
523120910198,金融学,计算机科学,金融学 - 计算机科学
523120910206,金融学,计算机科学,金融学 - 计算机科学
523120910208,金融学,计算机科学,金融学 - 计算机科学
523120910214,金融学,计算机科学,金融学 - 计算机科学
523120910216,金融学,计算机科学,金融学 - 计算机科学
523120910213,金融学,计算机科学,金融学 - 计算机科学
523120910199,金融学,计算机科学,金融学 - 计算机科学
523120910197,金融学,计算机科学,金融学 - 计算机科学
523120910211,金融学,计算机科学,金融学 - 计算机科学
523120910195,金融学,计算机科学,金融学 - 计算机科学
523120910201,金融学,计算机科学,金融学 - 计算机科学
523120910215,金融学,计算机科学,金融学 - 计算机科学
523120910200,金融学,计算机科学,金融学 - 计算机科学
523120910202,金融学,计算机科学,金融学 - 计算机科学
523120910205,金融学,计算机科学,金融学 - 计算机科学
523120910196,金融学,计算机科学,金融学 - 计算机科学
523120910204,金融学,计算机科学,金融学 - 计算机科学
523120910210,金融学,计算机科学,金融学 - 计算机科学
523120910218,金融学,计算机科学,金融学 - 计算机科学
523120910236,金融学,计算机科学,金融学 - 计算机科学
523120910221,金融学,计算机科学,金融学 - 计算机科学
523120910231,金融学,计算机科学,金融学 - 计算机科学
523120910219,金融学,计算机科学,金融学 - 计算机科学
523120910222,金融学,计算机科学,金融学 - 计算机科学
523120910225,金融学,计算机科学,金融学 - 计算机科学
523120910230,金融学,计算机科学,金融学 - 计算机科学
523120910237,金融学,计算机科学,金融学 - 计算机科学
523120910232,金融学,计算机科学,金融学 - 计算机科学
523120910233,金融学,计算机科学,金融学 - 计算机科学
523120910234,金融学,计算机科学,金融学 - 计算机科学
523120910241,金融学,计算机科学,金融学 - 计算机科学
523120910238,金融学,计算机科学,金融学 - 计算机科学
523120910240,金融学,计算机科学,金融学 - 计算机科学
523120910239,金融学,计算机科学,金融学 - 计算机科学
523120910227,金融学,计算机科学,金融学 - 计算机科学
523120910226,金融学,计算机科学,金融学 - 计算机科学
523120910228,金融学,计算机科学,金融学 - 计算机科学
523120910220,金融学,计算机科学,金融学 - 计算机科学
523120910229,金融学,计算机科学,金融学 - 计算机科学
523120910235,金融学,计算机科学,金融学 - 计算机科学
523120910224,金融学,计算机科学,金融学 - 计算机科学
523120910223,金融学,计算机科学,金融学 - 计算机科学
