学号,主修专业（双学位为第一主修专业）,辅修模块（双学位无）,主修与辅修组合
523120910180,金融学,市场营销,金融学 - 市场营销
523120910048,金融学,市场营销,金融学 - 市场营销
523120910159,金融学,市场营销,金融学 - 市场营销
523120910087,金融学,市场营销,金融学 - 市场营销
523120910069,金融学,市场营销,金融学 - 市场营销
521010910069,金融学,市场营销,金融学 - 市场营销
523120910124,金融学,市场营销,金融学 - 市场营销
523120910137,金融学,市场营销,金融学 - 市场营销
522150910060,金融学,市场营销,金融学 - 市场营销
521120990019,金融学,市场营销,金融学 - 市场营销
523120910106,金融学,市场营销,金融学 - 市场营销
523120910172,金融学,市场营销,金融学 - 市场营销
523120990019,金融学,市场营销,金融学 - 市场营销
523120990021,金融学,市场营销,金融学 - 市场营销
523120990004,金融学,市场营销,金融学 - 市场营销
