学号,主修专业（双学位为第一主修专业）,辅修模块（双学位无）,主修与辅修组合
522051910081,金融学,大数据和商务管理,金融学 - 大数据和商务管理
523120910003,金融学,大数据和商务管理,金融学 - 大数据和商务管理
523120910136,金融学,大数据和商务管理,金融学 - 大数据和商务管理
523120910062,金融学,大数据和商务管理,金融学 - 大数据和商务管理
522021910131,金融学,大数据和商务管理,金融学 - 大数据和商务管理
523120910024,金融学,大数据和商务管理,金融学 - 大数据和商务管理
523120910194,金融学,大数据和商务管理,金融学 - 大数据和商务管理
523120910140,金融学,大数据和商务管理,金融学 - 大数据和商务管理
523120910179,金融学,大数据和商务管理,金融学 - 大数据和商务管理
523120910134,金融学,大数据和商务管理,金融学 - 大数据和商务管理
523120910091,金融学,大数据和商务管理,金融学 - 大数据和商务管理
523120910142,金融学,大数据和商务管理,金融学 - 大数据和商务管理
523120910070,金融学,大数据和商务管理,金融学 - 大数据和商务管理
522150910074,金融学,大数据和商务管理,金融学 - 大数据和商务管理
523120910008,金融学,大数据和商务管理,金融学 - 大数据和商务管理
522150910099,金融学,大数据和商务管理,金融学 - 大数据和商务管理
523120910017,金融学,大数据和商务管理,金融学 - 大数据和商务管理
523120910186,金融学,大数据和商务管理,金融学 - 大数据和商务管理
523120910178,金融学,大数据和商务管理,金融学 - 大数据和商务管理
522150910101,金融学,大数据和商务管理,金融学 - 大数据和商务管理
523120910122,金融学,大数据和商务管理,金融学 - 大数据和商务管理
523120910086,金融学,大数据和商务管理,金融学 - 大数据和商务管理
523120910152,金融学,大数据和商务管理,金融学 - 大数据和商务管理
523120910051,金融学,大数据和商务管理,金融学 - 大数据和商务管理
522021910179,金融学,大数据和商务管理,金融学 - 大数据和商务管理
523120910145,金融学,大数据和商务管理,金融学 - 大数据和商务管理
522111910002,金融学,大数据和商务管理,金融学 - 大数据和商务管理
523120910082,金融学,大数据和商务管理,金融学 - 大数据和商务管理
523120910027,金融学,大数据和商务管理,金融学 - 大数据和商务管理
523120910141,金融学,大数据和商务管理,金融学 - 大数据和商务管理
523120910088,金融学,大数据和商务管理,金融学 - 大数据和商务管理
522111910165,金融学,大数据和商务管理,金融学 - 大数据和商务管理
523120910080,金融学,大数据和商务管理,金融学 - 大数据和商务管理
522031910132,金融学,大数据和商务管理,金融学 - 大数据和商务管理
523120910056,金融学,大数据和商务管理,金融学 - 大数据和商务管理
523120910138,金融学,大数据和商务管理,金融学 - 大数据和商务管理
523120910075,金融学,大数据和商务管理,金融学 - 大数据和商务管理
523120990024,金融学,大数据和商务管理,金融学 - 大数据和商务管理
523120990039,金融学,大数据和商务管理,金融学 - 大数据和商务管理
523120990008,金融学,大数据和商务管理,金融学 - 大数据和商务管理
