学号,主修专业（双学位为第一主修专业）,辅修模块（双学位无）,主修与辅修组合
523120910090,工商管理（市场营销）,金融学,工商管理（市场营销） - 金融学
523120990034,工商管理（市场营销）,金融学,工商管理（市场营销） - 金融学
523120990012,工商管理（市场营销）,金融学,工商管理（市场营销） - 金融学
523120990015,工商管理（市场营销）,金融学,工商管理（市场营销） - 金融学
523120990037,工商管理（市场营销）,金融学,工商管理（市场营销） - 金融学
523120990025,工商管理（市场营销）,金融学,工商管理（市场营销） - 金融学
522120990018,工商管理（市场营销）,金融学,工商管理（市场营销） - 金融学
