学号,主修专业（双学位为第一主修专业）,辅修模块（双学位无）,主修与辅修组合
523120910053,工商管理（市场营销）,会计学,工商管理（市场营销） - 会计学
523120910084,工商管理（市场营销）,会计学,工商管理（市场营销） - 会计学
523120910120,工商管理（市场营销）,会计学,工商管理（市场营销） - 会计学
523120990020,工商管理（市场营销）,会计学,工商管理（市场营销） - 会计学
523120990007,工商管理（市场营销）,会计学,工商管理（市场营销） - 会计学
523120990052,工商管理（市场营销）,会计学,工商管理（市场营销） - 会计学
523120990018,工商管理（市场营销）,会计学,工商管理（市场营销） - 会计学
